<application>
  <component name="FileTypeManager" version="18">
    <extensionMap>
      <mapping pattern=".env.test" type="PLAIN_TEXT" />
      <mapping pattern=".env.pre-uat" type="PLAIN_TEXT" />
      <mapping pattern=".env.uat" type="PLAIN_TEXT" />
      <mapping pattern=".gitkeep" type="PLAIN_TEXT" />
      <removed_mapping ext="dockerignore" approved="true" type="DockerIgnore file" />
      <removed_mapping ext="ignore" approved="true" type="IgnoreLang file" />
    </extensionMap>
  </component>
</application>